7/12/2023,18:00:00,4155,3412.9819,N,7747.5952,W,24.71
7/12/2023,18:00:01,4156,3412.9822,N,7747.5957,W,25.14
7/12/2023,18:00:02,4157,3412.9824,N,7747.5957,W,26.00
7/12/2023,18:00:03,4158,3412.9829,N,7747.5962,W,27.94
7/12/2023,18:00:04,4159,3412.9839,N,7747.5962,W,27.13
7/12/2023,18:00:05,4160,3412.9844,N,7747.5967,W,29.93
7/12/2023,18:00:06,4161,3412.9844,N,7747.5967,W,26.70
7/12/2023,18:00:07,4162,3412.9846,N,7747.5967,W,32.43
7/12/2023,18:00:08,4163,3412.9846,N,7747.5972,W,34.77
7/12/2023,18:00:09,4164,3412.9846,N,7747.5972,W,37.36
7/12/2023,18:00:10,4165,3412.9849,N,7747.5977,W,39.28
7/12/2023,18:00:11,4166,3412.9851,N,7747.5977,W,41.44
7/12/2023,18:00:12,4167,3412.9851,N,7747.5981,W,43.62
7/12/2023,18:00:13,4168,3412.9851,N,7747.5981,W,47.43
7/12/2023,18:00:14,4169,3412.9854,N,7747.5981,W,48.12
7/12/2023,18:00:15,4170,3412.9854,N,7747.5986,W,51.74
7/12/2023,18:00:16,4171,3412.9856,N,7747.5986,W,52.60
7/12/2023,18:00:17,4172,3412.9856,N,7747.5986,W,56.03
7/12/2023,18:00:18,4173,3412.9856,N,7747.5991,W,56.24
7/12/2023,18:00:19,4174,3412.9856,N,7747.5991,W,58.14
7/12/2023,18:00:20,4175,3412.9856,N,7747.5996,W,59.24
7/12/2023,18:00:21,4176,3412.9856,N,7747.5996,W,60.58
7/12/2023,18:00:22,4177,3412.9856,N,7747.6001,W,63.32
7/12/2023,18:00:23,4178,3412.9861,N,7747.6001,W,62.95
7/12/2023,18:00:24,4179,3412.9861,N,7747.6006,W,64.82
7/12/2023,18:00:25,4180,3412.9861,N,7747.6006,W,66.55
7/12/2023,18:00:26,4181,3412.9861,N,7747.6006,W,68.04
7/12/2023,18:00:27,4182,3412.9861,N,7747.6011,W,72.33
7/12/2023,18:00:28,4183,3412.9861,N,7747.6011,W,69.74
7/12/2023,18:00:29,4184,3412.9863,N,7747.6016,W,35.68
7/12/2023,18:00:30,4185,3412.9863,N,7747.6016,W,71.68
7/12/2023,18:00:32,4186,3412.9866,N,7747.6016,W,72.37
7/12/2023,18:00:32,4187,3412.9866,N,7747.6016,W,73.64
7/12/2023,18:00:33,4188,3412.9866,N,7747.6021,W,77.91
7/12/2023,18:00:34,4189,3412.9868,N,7747.6025,W,28.85
7/12/2023,18:00:35,4190,3412.9868,N,7747.6025,W,24.97
7/12/2023,18:00:36,4191,3412.9868,N,7747.6025,W,238.56
7/12/2023,18:00:37,4192,3412.9871,N,7747.6025,W,323.54
7/12/2023,18:00:38,4193,3412.9873,N,7747.6030,W,688.09
7/12/2023,18:00:39,4194,3412.9873,N,7747.6030,W,688.14
7/12/2023,18:00:40,4195,3412.9878,N,7747.6030,W,688.09
7/12/2023,18:00:41,4196,3412.9878,N,7747.6030,W,688.09
7/12/2023,18:00:42,4197,3412.9878,N,7747.6035,W,233.65
7/12/2023,18:00:43,4198,3412.9878,N,7747.6035,W,688.76
7/12/2023,18:00:44,4199,3412.9878,N,7747.6035,W,26.00
7/12/2023,18:00:45,4200,3412.9878,N,7747.6040,W,23.82
7/12/2023,18:00:46,4201,3412.9878,N,7747.6045,W,23.89
7/12/2023,18:00:47,4202,3412.9880,N,7747.6045,W,24.28
7/12/2023,18:00:48,4203,3412.9878,N,7747.6045,W,81.62
7/12/2023,18:00:49,4204,3412.9880,N,7747.6050,W,23.82
7/12/2023,18:00:50,4205,3412.9880,N,7747.6050,W,24.52
7/12/2023,18:00:51,4206,3412.9880,N,7747.6050,W,688.10
7/12/2023,18:00:52,4207,3412.9880,N,7747.6050,W,84.81
7/12/2023,18:00:53,4208,3412.9883,N,7747.6055,W,23.89
7/12/2023,18:00:54,4209,3412.9883,N,7747.6055,W,24.32
7/12/2023,18:00:55,4210,3412.9885,N,7747.6055,W,27.27
7/12/2023,18:00:56,4211,3412.9888,N,7747.6055,W,26.00
7/12/2023,18:00:57,4212,3412.9890,N,7747.6060,W,23.42
7/12/2023,18:00:58,4213,3412.9890,N,7747.6060,W,25.55
7/12/2023,18:00:59,4214,3412.9890,N,7747.6060,W,24.51
7/12/2023,18:01:00,4215,3412.9893,N,7747.6060,W,23.84
7/12/2023,18:01:01,4216,3412.9890,N,7747.6064,W,23.20
7/12/2023,18:01:02,4217,3412.9890,N,7747.6069,W,25.16
7/12/2023,18:01:03,4218,3412.9893,N,7747.6074,W,24.93
7/12/2023,18:01:04,4219,3412.9893,N,7747.6074,W,25.55
7/12/2023,18:01:05,4220,3412.9895,N,7747.6079,W,27.92
7/12/2023,18:01:06,4221,3412.9895,N,7747.6079,W,24.06
7/12/2023,18:01:07,4222,3412.9897,N,7747.6084,W,24.54
7/12/2023,18:01:08,4223,3412.9900,N,7747.6084,W,23.63
7/12/2023,18:01:09,4224,3412.9900,N,7747.6089,W,23.84
7/12/2023,18:01:10,4225,3412.9902,N,7747.6089,W,23.84
7/12/2023,18:01:11,4226,3412.9902,N,7747.6094,W,24.68
7/12/2023,18:01:12,4227,3412.9905,N,7747.6099,W,27.11
7/12/2023,18:01:13,4228,3412.9905,N,7747.6099,W,29.19
7/12/2023,18:01:14,4229,3412.9905,N,7747.6099,W,26.86
7/12/2023,18:01:15,4230,3412.9902,N,7747.6104,W,24.04
7/12/2023,18:01:16,4231,3412.9902,N,7747.6104,W,86.68
7/12/2023,18:01:17,4232,3412.9905,N,7747.6108,W,29.64
7/12/2023,18:01:18,4233,3412.9905,N,7747.6108,W,96.41
7/12/2023,18:01:19,4234,3412.9907,N,7747.6113,W,96.98
7/12/2023,18:01:20,4235,3412.9907,N,7747.6118,W,98.69
7/12/2023,18:01:21,4236,3412.9910,N,7747.6118,W,24.92
7/12/2023,18:01:22,4237,3412.9910,N,7747.6123,W,24.68
7/12/2023,18:01:23,4238,3412.9910,N,7747.6128,W,24.08
7/12/2023,18:01:24,4239,3412.9910,N,7747.6133,W,28.57
7/12/2023,18:01:25,4240,3412.9910,N,7747.6138,W,23.68
7/12/2023,18:01:26,4241,3412.9910,N,7747.6138,W,24.71
7/12/2023,18:01:27,4242,3412.9912,N,7747.6138,W,26.07
7/12/2023,18:01:29,4243,3412.9915,N,7747.6143,W,23.84
7/12/2023,18:01:29,4244,3412.9915,N,7747.6143,W,24.51
7/12/2023,18:01:30,4245,3412.9915,N,7747.6143,W,24.49
7/12/2023,18:01:31,4246,3412.9915,N,7747.6143,W,24.52
7/12/2023,18:01:32,4247,3412.9915,N,7747.6143,W,23.63
7/12/2023,18:01:33,4248,3412.9917,N,7747.6143,W,25.38
7/12/2023,18:01:34,4249,3412.9917,N,7747.6143,W,23.82
7/12/2023,18:01:36,4250,3412.9917,N,7747.6143,W,24.28
7/12/2023,18:01:36,4251,3412.9917,N,7747.6143,W,31.35
7/12/2023,18:01:37,4252,3412.9917,N,7747.6147,W,24.47
7/12/2023,18:01:38,4253,3412.9919,N,7747.6147,W,27.72
7/12/2023,18:01:39,4254,3412.9919,N,7747.6152,W,26.63
7/12/2023,18:01:40,4255,3412.9922,N,7747.6152,W,23.63
7/12/2023,18:01:41,4256,3412.9922,N,7747.6152,W,24.35
7/12/2023,18:01:42,4257,3412.9922,N,7747.6157,W,26.89
7/12/2023,18:01:43,4258,3412.9922,N,7747.6157,W,26.45
7/12/2023,18:01:44,4259,3412.9922,N,7747.6162,W,160.52
7/12/2023,18:01:45,4260,3412.9922,N,7747.6162,W,319.66
7/12/2023,18:01:46,4261,3412.9924,N,7747.6167,W,99.40
7/12/2023,18:01:47,4262,3412.9924,N,7747.6167,W,100.22
7/12/2023,18:01:48,4263,3412.9924,N,7747.6172,W,101.92
7/12/2023,18:01:50,4264,3412.9927,N,7747.6177,W,173.79
7/12/2023,18:01:50,4265,3412.9927,N,7747.6177,W,103.84
7/12/2023,18:01:51,4266,3412.9927,N,7747.6177,W,27.29
7/12/2023,18:01:52,4267,3412.9927,N,7747.6177,W,30.48
7/12/2023,18:01:53,4268,3412.9929,N,7747.6182,W,105.57
7/12/2023,18:01:54,4269,3412.9932,N,7747.6182,W,106.23
7/12/2023,18:01:56,4270,3412.9934,N,7747.6182,W,105.37
7/12/2023,18:01:57,4271,3412.9934,N,7747.6187,W,105.35
7/12/2023,18:01:58,4272,3412.9937,N,7747.6187,W,110.71
7/12/2023,18:01:59,4273,3412.9939,N,7747.6191,W,108.42
7/12/2023,18:02:00,4274,3412.9939,N,7747.6191,W,109.01
7/12/2023,18:02:01,4275,3412.9939,N,7747.6191,W,107.32
7/12/2023,18:02:02,4276,3412.9939,N,7747.6191,W,109.66
7/12/2023,18:02:03,4277,3412.9939,N,7747.6191,W,108.99
7/12/2023,18:02:04,4278,3412.9939,N,7747.6191,W,109.90
7/12/2023,18:02:04,4279,3412.9939,N,7747.6191,W,30.77
7/12/2023,18:02:06,4280,3412.9941,N,7747.6196,W,110.07
7/12/2023,18:02:07,4281,3412.9941,N,7747.6196,W,284.08
7/12/2023,18:02:08,4282,3412.9944,N,7747.6196,W,494.91
7/12/2023,18:02:09,4283,3412.9944,N,7747.6196,W,112.23
7/12/2023,18:02:10,4284,3412.9944,N,7747.6196,W,688.09
7/12/2023,18:02:11,4285,3412.9944,N,7747.6201,W,30.29
7/12/2023,18:02:12,4286,3412.9944,N,7747.6201,W,115.92
7/12/2023,18:02:13,4287,3412.9944,N,7747.6201,W,236.84
7/12/2023,18:02:14,4288,3412.9944,N,7747.6201,W,81.96
7/12/2023,18:02:15,4289,3412.9946,N,7747.6201,W,29.04
7/12/2023,18:02:16,4290,3412.9946,N,7747.6206,W,113.52
7/12/2023,18:02:17,4291,3412.9946,N,7747.6206,W,112.85
7/12/2023,18:02:18,4292,3412.9946,N,7747.6206,W,35.01
7/12/2023,18:02:19,4293,3412.9949,N,7747.6206,W,111.00
7/12/2023,18:02:20,4294,3412.9949,N,7747.6211,W,25.14
7/12/2023,18:02:21,4295,3412.9949,N,7747.6211,W,26.84
7/12/2023,18:02:22,4296,3412.9949,N,7747.6216,W,27.06
7/12/2023,18:02:23,4297,3412.9951,N,7747.6216,W,28.80
7/12/2023,18:02:24,4298,3412.9951,N,7747.6216,W,23.63
7/12/2023,18:02:25,4299,3412.9951,N,7747.6216,W,26.89
7/12/2023,18:02:26,4300,3412.9951,N,7747.6216,W,23.82
7/12/2023,18:02:27,4301,3412.9951,N,7747.6221,W,24.28
7/12/2023,18:02:28,4302,3412.9951,N,7747.6221,W,107.94
7/12/2023,18:02:29,4303,3412.9954,N,7747.6221,W,114.38
7/12/2023,18:02:30,4304,3412.9956,N,7747.6221,W,26.69
7/12/2023,18:02:31,4305,3412.9956,N,7747.6226,W,108.80
7/12/2023,18:02:32,4306,3412.9956,N,7747.6230,W,110.09
7/12/2023,18:02:33,4307,3412.9958,N,7747.6230,W,23.41
7/12/2023,18:02:34,4308,3412.9961,N,7747.6235,W,115.51
7/12/2023,18:02:35,4309,3412.9961,N,7747.6235,W,116.75
7/12/2023,18:02:36,4310,3412.9961,N,7747.6240,W,113.09
7/12/2023,18:02:37,4311,3412.9963,N,7747.6240,W,114.34
7/12/2023,18:02:38,4312,3412.9963,N,7747.6240,W,115.67
7/12/2023,18:02:39,4313,3412.9966,N,7747.6245,W,61.59
7/12/2023,18:02:40,4314,3412.9966,N,7747.6250,W,117.36
7/12/2023,18:02:41,4315,3412.9966,N,7747.6250,W,121.24
7/12/2023,18:02:42,4316,3412.9968,N,7747.6250,W,23.87
7/12/2023,18:02:43,4317,3412.9968,N,7747.6255,W,120.80
7/12/2023,18:02:44,4318,3412.9968,N,7747.6255,W,117.81
7/12/2023,18:02:45,4319,3412.9968,N,7747.6255,W,118.93
7/12/2023,18:02:46,4320,3412.9966,N,7747.6255,W,117.16
7/12/2023,18:02:47,4321,3412.9966,N,7747.6260,W,117.35
7/12/2023,18:02:48,4322,3412.9968,N,7747.6260,W,117.79
7/12/2023,18:02:49,4323,3412.9968,N,7747.6260,W,120.20
7/12/2023,18:02:50,4324,3412.9968,N,7747.6265,W,117.60
7/12/2023,18:02:51,4325,3412.9968,N,7747.6265,W,118.22
7/12/2023,18:02:52,4326,3412.9968,N,7747.6265,W,123.63
7/12/2023,18:02:53,4327,3412.9968,N,7747.6270,W,24.49
7/12/2023,18:02:54,4328,3412.9968,N,7747.6274,W,26.22
7/12/2023,18:02:55,4329,3412.9968,N,7747.6274,W,23.91
7/12/2023,18:02:56,4330,3412.9971,N,7747.6279,W,24.71
7/12/2023,18:02:57,4331,3412.9971,N,7747.6284,W,24.71
7/12/2023,18:02:58,4332,3412.9971,N,7747.6279,W,23.42
7/12/2023,18:02:59,4333,3412.9971,N,7747.6284,W,23.89
7/12/2023,18:03:00,4334,3412.9973,N,7747.6284,W,25.33
7/12/2023,18:03:01,4335,3412.9973,N,7747.6284,W,24.09
7/12/2023,18:03:02,4336,3412.9973,N,7747.6284,W,24.95
7/12/2023,18:03:03,4337,3412.9976,N,7747.6284,W,28.98
7/12/2023,18:03:04,4338,3412.9976,N,7747.6284,W,33.72
7/12/2023,18:03:05,4339,3412.9978,N,7747.6284,W,24.95
7/12/2023,18:03:06,4340,3412.9978,N,7747.6284,W,26.63
7/12/2023,18:03:07,4341,3412.9978,N,7747.6284,W,24.28
7/12/2023,18:03:08,4342,3412.9978,N,7747.6289,W,24.51
7/12/2023,18:03:09,4343,3412.9978,N,7747.6289,W,24.52
7/12/2023,18:03:10,4344,3412.9980,N,7747.6294,W,24.93
7/12/2023,18:03:11,4345,3412.9985,N,7747.6294,W,117.18
7/12/2023,18:03:12,4346,3412.9988,N,7747.6299,W,128.35
7/12/2023,18:03:13,4347,3412.9988,N,7747.6304,W,115.24
7/12/2023,18:03:14,4348,3412.9993,N,7747.6304,W,113.52
7/12/2023,18:03:15,4349,3412.9993,N,7747.6309,W,114.64
7/12/2023,18:03:16,4350,3412.9993,N,7747.6309,W,47.66
7/12/2023,18:03:17,4351,3412.9995,N,7747.6313,W,112.66
7/12/2023,18:03:18,4352,3412.9995,N,7747.6318,W,112.68
7/12/2023,18:03:19,4353,3412.9995,N,7747.6318,W,116.09
7/12/2023,18:03:20,4354,3413.0000,N,7747.6323,W,115.46
7/12/2023,18:03:21,4355,3412.9998,N,7747.6328,W,119.51
7/12/2023,18:03:22,4356,3413.0000,N,7747.6328,W,108.58
7/12/2023,18:03:23,4357,3413.0000,N,7747.6333,W,112.64
7/12/2023,18:03:24,4358,3413.0000,N,7747.6338,W,112.66
7/12/2023,18:03:25,4359,3413.0002,N,7747.6338,W,112.89
7/12/2023,18:03:26,4360,3413.0005,N,7747.6343,W,114.81
7/12/2023,18:03:27,4361,3413.0005,N,7747.6343,W,112.06
7/12/2023,18:03:28,4362,3413.0005,N,7747.6348,W,112.87
7/12/2023,18:03:29,4363,3413.0007,N,7747.6348,W,113.09
7/12/2023,18:03:30,4364,3413.0005,N,7747.6348,W,113.09
7/12/2023,18:03:31,4365,3413.0005,N,7747.6348,W,112.22
7/12/2023,18:03:32,4366,3413.0007,N,7747.6353,W,113.07
7/12/2023,18:03:33,4367,3413.0007,N,7747.6357,W,549.82
7/12/2023,18:03:34,4368,3413.0007,N,7747.6357,W,112.42
7/12/2023,18:03:35,4369,3413.0007,N,7747.6357,W,113.71
7/12/2023,18:03:36,4370,3413.0007,N,7747.6362,W,118.29
7/12/2023,18:03:37,4371,3413.0007,N,7747.6362,W,122.32
7/12/2023,18:03:38,4372,3413.0007,N,7747.6367,W,118.86
7/12/2023,18:03:39,4373,3413.0007,N,7747.6367,W,113.07
7/12/2023,18:03:40,4374,3413.0007,N,7747.6372,W,80.67
7/12/2023,18:03:41,4375,3413.0010,N,7747.6372,W,129.84
7/12/2023,18:03:42,4376,3413.0010,N,7747.6377,W,114.15
7/12/2023,18:03:43,4377,3413.0012,N,7747.6377,W,24.51
7/12/2023,18:03:44,4378,3413.0015,N,7747.6382,W,110.74
7/12/2023,18:03:45,4379,3413.0017,N,7747.6382,W,100.41
7/12/2023,18:03:46,4380,3413.0017,N,7747.6387,W,110.48
7/12/2023,18:03:47,4381,3413.0020,N,7747.6387,W,113.07
7/12/2023,18:03:48,4382,3413.0020,N,7747.6392,W,112.23
7/12/2023,18:03:49,4383,3413.0022,N,7747.6396,W,110.40
7/12/2023,18:03:50,4384,3413.0022,N,7747.6401,W,110.77
7/12/2023,18:03:51,4385,3413.0022,N,7747.6401,W,110.14
7/12/2023,18:03:52,4386,3413.0022,N,7747.6406,W,110.09
7/12/2023,18:03:53,4387,3413.0022,N,7747.6406,W,113.06
7/12/2023,18:03:54,4388,3413.0022,N,7747.6406,W,212.61
7/12/2023,18:03:55,4389,3413.0022,N,7747.6411,W,110.95
7/12/2023,18:03:56,4390,3413.0022,N,7747.6411,W,110.07
7/12/2023,18:03:57,4391,3413.0024,N,7747.6411,W,112.22
7/12/2023,18:03:58,4392,3413.0022,N,7747.6416,W,108.65
7/12/2023,18:03:59,4393,3413.0027,N,7747.6416,W,75.32
7/12/2023,18:04:00,4394,3413.0024,N,7747.6421,W,688.76
7/12/2023,18:04:01,4395,3413.0024,N,7747.6421,W,24.92
7/12/2023,18:04:02,4396,3413.0024,N,7747.6421,W,108.56
7/12/2023,18:04:03,4397,3413.0024,N,7747.6426,W,26.86
7/12/2023,18:04:04,4398,3413.0024,N,7747.6426,W,25.83
7/12/2023,18:04:05,4399,3413.0027,N,7747.6431,W,314.54
7/12/2023,18:04:06,4400,3413.0027,N,7747.6431,W,364.10
7/12/2023,18:04:07,4401,3413.0027,N,7747.6431,W,688.76
7/12/2023,18:04:08,4402,3413.0027,N,7747.6436,W,29.00
7/12/2023,18:04:09,4403,3413.0027,N,7747.6436,W,151.27
7/12/2023,18:04:10,4404,3413.0029,N,7747.6436,W,688.76
7/12/2023,18:04:11,4405,3413.0032,N,7747.6440,W,98.08
7/12/2023,18:04:12,4406,3413.0032,N,7747.6440,W,24.09
7/12/2023,18:04:13,4407,3413.0034,N,7747.6445,W,94.64
7/12/2023,18:04:14,4408,3413.0037,N,7747.6445,W,450.29
7/12/2023,18:04:15,4409,3413.0039,N,7747.6450,W,94.40
7/12/2023,18:04:16,4410,3413.0042,N,7747.6450,W,93.77
7/12/2023,18:04:17,4411,3413.0044,N,7747.6455,W,96.36
7/12/2023,18:04:18,4412,3413.0044,N,7747.6460,W,271.21
7/12/2023,18:04:19,4413,3413.0046,N,7747.6460,W,249.30
7/12/2023,18:04:20,4414,3413.0049,N,7747.6460,W,92.33
7/12/2023,18:04:21,4415,3413.0049,N,7747.6465,W,278.66
7/12/2023,18:04:22,4416,3413.0054,N,7747.6465,W,687.68
7/12/2023,18:04:23,4417,3413.0056,N,7747.6470,W,351.85
7/12/2023,18:04:24,4418,3413.0056,N,7747.6470,W,218.00
7/12/2023,18:04:25,4419,3413.0059,N,7747.6470,W,91.90
7/12/2023,18:04:26,4420,3413.0061,N,7747.6475,W,89.75
7/12/2023,18:04:27,4421,3413.0061,N,7747.6475,W,89.05
7/12/2023,18:04:28,4422,3413.0061,N,7747.6479,W,88.62
7/12/2023,18:04:29,4423,3413.0063,N,7747.6479,W,87.54
7/12/2023,18:04:30,4424,3413.0063,N,7747.6484,W,85.87
7/12/2023,18:04:31,4425,3413.0066,N,7747.6484,W,415.09
7/12/2023,18:04:32,4426,3413.0066,N,7747.6489,W,174.48
7/12/2023,18:04:33,4427,3413.0068,N,7747.6489,W,540.83
7/12/2023,18:04:34,4428,3413.0071,N,7747.6494,W,341.98
7/12/2023,18:04:35,4429,3413.0073,N,7747.6494,W,102.37
7/12/2023,18:04:36,4430,3413.0076,N,7747.6499,W,76.61
7/12/2023,18:04:37,4431,3413.0078,N,7747.6499,W,263.87
7/12/2023,18:04:38,4432,3413.0078,N,7747.6504,W,70.15
7/12/2023,18:04:39,4433,3413.0081,N,7747.6504,W,67.19
7/12/2023,18:04:40,4434,3413.0083,N,7747.6509,W,63.98
7/12/2023,18:04:41,4435,3413.0085,N,7747.6509,W,66.09
7/12/2023,18:04:42,4436,3413.0088,N,7747.6514,W,62.93
7/12/2023,18:04:43,4437,3413.0088,N,7747.6514,W,30.27
7/12/2023,18:04:44,4438,3413.0090,N,7747.6519,W,61.40
7/12/2023,18:04:45,4439,3413.0093,N,7747.6519,W,66.55
7/12/2023,18:04:46,4440,3413.0095,N,7747.6523,W,57.32
7/12/2023,18:04:47,4441,3413.0095,N,7747.6523,W,53.03
7/12/2023,18:04:48,4442,3413.0098,N,7747.6528,W,361.89
7/12/2023,18:04:49,4443,3413.0100,N,7747.6528,W,639.68
7/12/2023,18:04:50,4444,3413.0100,N,7747.6533,W,57.63
7/12/2023,18:04:51,4445,3413.0103,N,7747.6533,W,455.26
7/12/2023,18:04:52,4446,3413.0105,N,7747.6538,W,57.09
7/12/2023,18:04:53,4447,3413.0105,N,7747.6543,W,60.73
7/12/2023,18:04:54,4448,3413.0105,N,7747.6543,W,57.30
7/12/2023,18:04:55,4449,3413.0105,N,7747.6543,W,58.40
7/12/2023,18:04:56,4450,3413.0105,N,7747.6548,W,26.22
7/12/2023,18:04:57,4451,3413.0107,N,7747.6548,W,59.22
7/12/2023,18:04:58,4452,3413.0107,N,7747.6553,W,25.40
7/12/2023,18:04:59,4453,3413.0107,N,7747.6553,W,61.20
7/12/2023,18:05:00,4454,3413.0110,N,7747.6558,W,59.07
7/12/2023,18:05:01,4455,3413.0112,N,7747.6558,W,387.86
7/12/2023,18:05:02,4456,3413.0115,N,7747.6558,W,59.67
7/12/2023,18:05:03,4457,3413.0117,N,7747.6562,W,68.68
7/12/2023,18:05:04,4458,3413.0117,N,7747.6567,W,24.06
7/12/2023,18:05:05,4459,3413.0120,N,7747.6567,W,60.97
7/12/2023,18:05:06,4460,3413.0122,N,7747.6567,W,32.86
7/12/2023,18:05:07,4461,3413.0125,N,7747.6572,W,29.00
7/12/2023,18:05:08,4462,3413.0125,N,7747.6577,W,67.60
7/12/2023,18:05:09,4463,3413.0127,N,7747.6577,W,73.41
7/12/2023,18:05:10,4464,3413.0127,N,7747.6582,W,71.25
7/12/2023,18:05:11,4465,3413.0129,N,7747.6582,W,73.21
7/12/2023,18:05:12,4466,3413.0132,N,7747.6587,W,656.91
7/12/2023,18:05:13,4467,3413.0132,N,7747.6587,W,230.03
7/12/2023,18:05:14,4468,3413.0132,N,7747.6592,W,34.13
7/12/2023,18:05:15,4469,3413.0132,N,7747.6597,W,77.48
7/12/2023,18:05:16,4470,3413.0134,N,7747.6597,W,25.33
7/12/2023,18:05:17,4471,3413.0134,N,7747.6602,W,79.83
7/12/2023,18:05:18,4472,3413.0134,N,7747.6606,W,75.34
7/12/2023,18:05:19,4473,3413.0137,N,7747.6611,W,75.11
7/12/2023,18:05:20,4474,3413.0139,N,7747.6611,W,77.67
7/12/2023,18:05:21,4475,3413.0139,N,7747.6606,W,83.52
7/12/2023,18:05:22,4476,3413.0139,N,7747.6611,W,24.28
7/12/2023,18:05:23,4477,3413.0142,N,7747.6616,W,23.63
7/12/2023,18:05:24,4478,3413.0142,N,7747.6616,W,24.04
7/12/2023,18:05:25,4479,3413.0144,N,7747.6616,W,23.68
7/12/2023,18:05:26,4480,3413.0144,N,7747.6621,W,23.63
7/12/2023,18:05:27,4481,3413.0144,N,7747.6621,W,29.24
7/12/2023,18:05:28,4482,3413.0146,N,7747.6626,W,81.15
7/12/2023,18:05:29,4483,3413.0146,N,7747.6626,W,74.68
7/12/2023,18:05:30,4484,3413.0149,N,7747.6626,W,24.71
7/12/2023,18:05:31,4485,3413.0149,N,7747.6631,W,23.65
7/12/2023,18:05:32,4486,3413.0151,N,7747.6631,W,23.63
7/12/2023,18:05:33,4487,3413.0151,N,7747.6636,W,24.69
7/12/2023,18:05:34,4488,3413.0151,N,7747.6641,W,25.35
7/12/2023,18:05:35,4489,3413.0154,N,7747.6641,W,68.71
7/12/2023,18:05:36,4490,3413.0154,N,7747.6646,W,68.90
7/12/2023,18:05:37,4491,3413.0156,N,7747.6650,W,35.01
7/12/2023,18:05:38,4492,3413.0156,N,7747.6655,W,70.67
7/12/2023,18:05:39,4493,3413.0156,N,7747.6655,W,69.54
7/12/2023,18:05:40,4494,3413.0156,N,7747.6660,W,68.11
7/12/2023,18:05:41,4495,3413.0161,N,7747.6660,W,68.71
7/12/2023,18:05:42,4496,3413.0161,N,7747.6660,W,69.31
7/12/2023,18:05:43,4497,3413.0164,N,7747.6665,W,69.18
7/12/2023,18:05:44,4498,3413.0168,N,7747.6665,W,80.26
7/12/2023,18:05:45,4499,3413.0171,N,7747.6670,W,67.19
7/12/2023,18:05:46,4500,3413.0168,N,7747.6670,W,72.61
7/12/2023,18:05:47,4501,3413.0171,N,7747.6675,W,24.75
7/12/2023,18:05:48,4502,3413.0173,N,7747.6675,W,67.61
7/12/2023,18:05:49,4503,3413.0176,N,7747.6680,W,68.88
7/12/2023,18:05:50,4504,3413.0176,N,7747.6680,W,66.76
7/12/2023,18:05:51,4505,3413.0178,N,7747.6685,W,68.08
7/12/2023,18:05:52,4506,3413.0178,N,7747.6685,W,33.76
7/12/2023,18:05:53,4507,3413.0178,N,7747.6685,W,66.33
7/12/2023,18:05:54,4508,3413.0181,N,7747.6689,W,24.73
7/12/2023,18:05:55,4509,3413.0181,N,7747.6689,W,64.23
7/12/2023,18:05:56,4510,3413.0183,N,7747.6689,W,63.75
7/12/2023,18:05:57,4511,3413.0183,N,7747.6694,W,62.93
7/12/2023,18:05:58,4512,3413.0183,N,7747.6694,W,64.37
7/12/2023,18:05:59,4513,3413.0183,N,7747.6699,W,26.20
7/12/2023,18:06:00,4514,3413.0186,N,7747.6699,W,24.54
7/12/2023,18:06:01,4515,3413.0186,N,7747.6704,W,57.97
7/12/2023,18:06:02,4516,3413.0186,N,7747.6704,W,59.02
7/12/2023,18:06:03,4517,3413.0186,N,7747.6709,W,59.65
7/12/2023,18:06:04,4518,3413.0188,N,7747.6709,W,62.31
7/12/2023,18:06:05,4519,3413.0188,N,7747.6714,W,60.73
7/12/2023,18:06:06,4520,3413.0188,N,7747.6714,W,26.41
7/12/2023,18:06:07,4521,3413.0190,N,7747.6714,W,64.42
7/12/2023,18:06:08,4522,3413.0190,N,7747.6719,W,61.37
7/12/2023,18:06:09,4523,3413.0193,N,7747.6724,W,60.75
7/12/2023,18:06:10,4524,3413.0193,N,7747.6724,W,60.96
7/12/2023,18:06:11,4525,3413.0195,N,7747.6729,W,57.58
7/12/2023,18:06:12,4526,3413.0198,N,7747.6729,W,52.99
7/12/2023,18:06:13,4527,3413.0200,N,7747.6733,W,52.39
7/12/2023,18:06:14,4528,3413.0200,N,7747.6733,W,51.93
7/12/2023,18:06:15,4529,3413.0203,N,7747.6738,W,58.00
7/12/2023,18:06:16,4530,3413.0205,N,7747.6738,W,49.84
7/12/2023,18:06:17,4531,3413.0208,N,7747.6743,W,50.85
7/12/2023,18:06:18,4532,3413.0210,N,7747.6743,W,50.25
7/12/2023,18:06:19,4533,3413.0212,N,7747.6748,W,33.50
7/12/2023,18:06:20,4534,3413.0215,N,7747.6753,W,25.12
7/12/2023,18:06:21,4535,3413.0215,N,7747.6753,W,48.33
7/12/2023,18:06:22,4536,3413.0217,N,7747.6753,W,406.96
7/12/2023,18:06:23,4537,3413.0222,N,7747.6758,W,48.57
7/12/2023,18:06:24,4538,3413.0222,N,7747.6763,W,44.22
7/12/2023,18:06:25,4539,3413.0227,N,7747.6763,W,53.03
7/12/2023,18:06:26,4540,3413.0227,N,7747.6768,W,47.23
7/12/2023,18:06:27,4541,3413.0229,N,7747.6772,W,47.43
7/12/2023,18:06:28,4542,3413.0232,N,7747.6777,W,49.36
7/12/2023,18:06:29,4543,3413.0234,N,7747.6777,W,50.02
7/12/2023,18:06:30,4544,3413.0237,N,7747.6782,W,53.89
7/12/2023,18:06:31,4545,3413.0239,N,7747.6787,W,48.14
7/12/2023,18:06:32,4546,3413.0239,N,7747.6792,W,49.60
7/12/2023,18:06:33,4547,3413.0242,N,7747.6797,W,50.47
7/12/2023,18:06:34,4548,3413.0244,N,7747.6802,W,51.29
7/12/2023,18:06:35,4549,3413.0244,N,7747.6807,W,51.31
7/12/2023,18:06:36,4550,3413.0247,N,7747.6807,W,51.29
7/12/2023,18:06:37,4551,3413.0249,N,7747.6812,W,54.35
7/12/2023,18:06:38,4552,3413.0251,N,7747.6812,W,52.20
7/12/2023,18:06:39,4553,3413.0251,N,7747.6812,W,54.55
7/12/2023,18:06:40,4554,3413.0254,N,7747.6816,W,51.35
7/12/2023,18:06:41,4555,3413.0254,N,7747.6816,W,49.65
7/12/2023,18:06:42,4556,3413.0254,N,7747.6821,W,23.63
7/12/2023,18:06:43,4557,3413.0254,N,7747.6821,W,23.67
7/12/2023,18:06:44,4558,3413.0254,N,7747.6826,W,23.84
7/12/2023,18:06:45,4559,3413.0256,N,7747.6826,W,47.47
7/12/2023,18:06:46,4560,3413.0256,N,7747.6831,W,49.15
7/12/2023,18:06:47,4561,3413.0256,N,7747.6831,W,49.44
7/12/2023,18:06:48,4562,3413.0256,N,7747.6836,W,50.49
7/12/2023,18:06:49,4563,3413.0256,N,7747.6836,W,54.30
7/12/2023,18:06:50,4564,3413.0259,N,7747.6841,W,55.16
7/12/2023,18:06:51,4565,3413.0259,N,7747.6841,W,53.22
7/12/2023,18:06:52,4566,3413.0261,N,7747.6846,W,53.89
7/12/2023,18:06:53,4567,3413.0264,N,7747.6846,W,28.57
7/12/2023,18:06:54,4568,3413.0266,N,7747.6851,W,564.85
7/12/2023,18:06:55,4569,3413.0269,N,7747.6851,W,55.79
7/12/2023,18:06:56,4570,3413.0271,N,7747.6855,W,55.34
7/12/2023,18:06:57,4571,3413.0271,N,7747.6855,W,54.73
7/12/2023,18:06:58,4572,3413.0273,N,7747.6860,W,53.08
7/12/2023,18:06:59,4573,3413.0273,N,7747.6865,W,53.46
7/12/2023,18:07:00,4574,3413.0276,N,7747.6865,W,51.11
7/12/2023,18:07:01,4575,3413.0276,N,7747.6870,W,49.22
7/12/2023,18:07:02,4576,3413.0278,N,7747.6870,W,47.42
7/12/2023,18:07:03,4577,3413.0278,N,7747.6875,W,48.33
7/12/2023,18:07:04,4578,3413.0281,N,7747.6875,W,45.94
7/12/2023,18:07:05,4579,3413.0283,N,7747.6880,W,45.08
7/12/2023,18:07:06,4580,3413.0283,N,7747.6880,W,43.57
7/12/2023,18:07:07,4581,3413.0283,N,7747.6885,W,44.69
7/12/2023,18:07:08,4582,3413.0281,N,7747.6885,W,42.34
7/12/2023,18:07:09,4583,3413.0281,N,7747.6890,W,42.28
7/12/2023,18:07:10,4584,3413.0283,N,7747.6890,W,41.24
7/12/2023,18:07:11,4585,3413.0283,N,7747.6890,W,37.14
7/12/2023,18:07:12,4586,3413.0286,N,7747.6895,W,36.91
7/12/2023,18:07:13,4587,3413.0286,N,7747.6899,W,37.55
7/12/2023,18:07:14,4588,3413.0288,N,7747.6899,W,38.20
7/12/2023,18:07:15,4589,3413.0288,N,7747.6904,W,36.11
7/12/2023,18:07:16,4590,3413.0291,N,7747.6904,W,35.42
7/12/2023,18:07:17,4591,3413.0293,N,7747.6909,W,33.93
7/12/2023,18:07:18,4592,3413.0295,N,7747.6909,W,33.09
7/12/2023,18:07:19,4593,3413.0298,N,7747.6909,W,31.35
7/12/2023,18:07:20,4594,3413.0298,N,7747.6914,W,31.15
7/12/2023,18:07:21,4595,3413.0298,N,7747.6914,W,30.77
7/12/2023,18:07:22,4596,3413.0300,N,7747.6914,W,29.23
7/12/2023,18:07:23,4597,3413.0303,N,7747.6914,W,27.92
7/12/2023,18:07:24,4598,3413.0303,N,7747.6919,W,27.92
7/12/2023,18:07:25,4599,3413.0305,N,7747.6919,W,26.65
7/12/2023,18:07:26,4600,3413.0305,N,7747.6919,W,26.27
7/12/2023,18:07:27,4601,3413.0308,N,7747.6924,W,23.63
7/12/2023,18:07:28,4602,3413.0308,N,7747.6924,W,24.71
7/12/2023,18:07:29,4603,3413.0310,N,7747.6924,W,24.28
7/12/2023,18:07:30,4604,3413.0310,N,7747.6924,W,23.84
7/12/2023,18:07:31,4605,3413.0310,N,7747.6929,W,23.63
7/12/2023,18:07:32,4606,3413.0310,N,7747.6929,W,24.28
7/12/2023,18:07:33,4607,3413.0310,N,7747.6934,W,23.84
7/12/2023,18:07:34,4608,3413.0310,N,7747.6934,W,24.09
7/12/2023,18:07:35,4609,3413.0310,N,7747.6934,W,23.82
7/12/2023,18:07:36,4610,3413.0308,N,7747.6938,W,23.20
7/12/2023,18:07:37,4611,3413.0308,N,7747.6943,W,23.84
7/12/2023,18:07:38,4612,3413.0303,N,7747.6943,W,23.82
7/12/2023,18:07:39,4613,3413.0303,N,7747.6948,W,24.33
7/12/2023,18:07:40,4614,3413.0300,N,7747.6948,W,23.61
7/12/2023,18:07:41,4615,3413.0298,N,7747.6948,W,23.72
7/12/2023,18:07:42,4616,3413.0300,N,7747.6943,W,23.20
7/12/2023,18:07:43,4617,3413.0300,N,7747.6943,W,23.68
7/12/2023,18:07:44,4618,3413.0300,N,7747.6943,W,24.28
7/12/2023,18:07:45,4619,3413.0300,N,7747.6943,W,23.22
7/12/2023,18:07:46,4620,3413.0303,N,7747.6943,W,24.28
7/12/2023,18:07:47,4622,3413.0305,N,7747.6938,W,24.09
7/12/2023,18:07:48,4623,3413.0305,N,7747.6943,W,23.91
7/12/2023,18:07:49,4624,3413.0305,N,7747.6948,W,23.68
7/12/2023,18:07:50,4625,3413.0305,N,7747.6953,W,23.63
7/12/2023,18:07:51,4626,3413.0305,N,7747.6953,W,24.09
7/12/2023,18:07:52,4627,3413.0305,N,7747.6953,W,23.61
7/12/2023,18:07:53,4628,3413.0305,N,7747.6958,W,23.67
7/12/2023,18:07:54,4629,3413.0305,N,7747.6958,W,24.09
7/12/2023,18:07:55,4630,3413.0305,N,7747.6958,W,24.09
7/12/2023,18:07:56,4631,3413.0305,N,7747.6958,W,23.63
7/12/2023,18:07:57,4632,3413.0305,N,7747.6953,W,24.09
7/12/2023,18:07:58,4633,3413.0305,N,7747.6958,W,24.09
7/12/2023,18:07:59,4634,3413.0305,N,7747.6958,W,24.06
7/12/2023,18:08:00,4635,3413.0305,N,7747.6958,W,24.51
7/12/2023,18:08:01,4636,3413.0305,N,7747.6958,W,23.84
7/12/2023,18:08:02,4637,3413.0305,N,7747.6958,W,24.51
7/12/2023,18:08:03,4638,3413.0305,N,7747.6958,W,23.63
7/12/2023,18:08:04,4639,3413.0305,N,7747.6958,W,24.73
7/12/2023,18:08:05,4640,3413.0305,N,7747.6958,W,23.48
7/12/2023,18:08:06,4641,3413.0308,N,7747.6958,W,24.71
7/12/2023,18:08:07,4642,3413.0308,N,7747.6958,W,24.06
7/12/2023,18:08:08,4643,3413.0308,N,7747.6958,W,24.28
7/12/2023,18:08:09,4644,3413.0308,N,7747.6953,W,25.12
7/12/2023,18:08:10,4645,3413.0308,N,7747.6958,W,25.36
7/12/2023,18:08:11,4646,3413.0308,N,7747.6953,W,26.86
7/12/2023,18:08:12,4647,3413.0308,N,7747.6953,W,26.67
7/12/2023,18:08:13,4648,3413.0308,N,7747.6953,W,27.90
7/12/2023,18:08:14,4649,3413.0308,N,7747.6953,W,28.16
7/12/2023,18:08:15,4650,3413.0308,N,7747.6953,W,29.21
7/12/2023,18:08:16,4651,3413.0308,N,7747.6948,W,29.28
7/12/2023,18:08:17,4652,3413.0305,N,7747.6948,W,23.82
7/12/2023,18:08:18,4653,3413.0305,N,7747.6943,W,30.50
7/12/2023,18:08:19,4654,3413.0305,N,7747.6943,W,31.56
7/12/2023,18:08:20,4655,3413.0305,N,7747.6943,W,32.23
7/12/2023,18:08:21,4656,3413.0305,N,7747.6938,W,32.25
7/12/2023,18:08:22,4657,3413.0305,N,7747.6934,W,32.67
7/12/2023,18:08:23,4658,3413.0305,N,7747.6934,W,33.70
7/12/2023,18:08:24,4659,3413.0305,N,7747.6929,W,34.37
7/12/2023,18:08:25,4660,3413.0305,N,7747.6929,W,34.80
7/12/2023,18:08:26,4661,3413.0305,N,7747.6924,W,34.99
7/12/2023,18:08:27,4662,3413.0303,N,7747.6924,W,38.22
7/12/2023,18:08:28,4663,3413.0303,N,7747.6924,W,36.72
7/12/2023,18:08:29,4664,3413.0300,N,7747.6924,W,23.63
7/12/2023,18:08:30,4665,3413.0298,N,7747.6919,W,38.25
7/12/2023,18:08:31,4666,3413.0298,N,7747.6919,W,37.77
7/12/2023,18:08:32,4667,3413.0298,N,7747.6919,W,38.01
7/12/2023,18:08:33,4668,3413.0298,N,7747.6919,W,37.14
7/12/2023,18:08:34,4669,3413.0295,N,7747.6914,W,37.19
7/12/2023,18:08:35,4670,3413.0293,N,7747.6914,W,40.35
7/12/2023,18:08:36,4671,3413.0293,N,7747.6914,W,39.38
7/12/2023,18:08:37,4672,3413.0291,N,7747.6909,W,41.44
7/12/2023,18:08:38,4673,3413.0288,N,7747.6909,W,41.44
7/12/2023,18:08:39,4674,3413.0286,N,7747.6909,W,41.63
7/12/2023,18:08:40,4675,3413.0286,N,7747.6909,W,42.11
7/12/2023,18:08:41,4676,3413.0283,N,7747.6909,W,42.56
7/12/2023,18:08:42,4677,3413.0283,N,7747.6909,W,44.64
7/12/2023,18:08:43,4678,3413.0283,N,7747.6909,W,44.67
7/12/2023,18:08:44,4679,3413.0283,N,7747.6909,W,44.70
7/12/2023,18:08:45,4680,3413.0283,N,7747.6909,W,44.48
7/12/2023,18:08:46,4681,3413.0283,N,7747.6904,W,24.56
7/12/2023,18:08:47,4682,3413.0283,N,7747.6904,W,203.46
7/12/2023,18:08:48,4683,3413.0283,N,7747.6904,W,47.02
7/12/2023,18:08:49,4684,3413.0283,N,7747.6904,W,46.85
7/12/2023,18:08:50,4685,3413.0283,N,7747.6904,W,50.25
7/12/2023,18:08:51,4686,3413.0283,N,7747.6899,W,48.12
7/12/2023,18:08:52,4687,3413.0283,N,7747.6899,W,49.78
7/12/2023,18:08:53,4688,3413.0283,N,7747.6899,W,24.28
7/12/2023,18:08:54,4689,3413.0283,N,7747.6895,W,50.87
7/12/2023,18:08:55,4690,3413.0283,N,7747.6895,W,52.15
7/12/2023,18:08:56,4691,3413.0283,N,7747.6895,W,52.38
7/12/2023,18:08:57,4692,3413.0281,N,7747.6895,W,53.46
7/12/2023,18:08:58,4693,3413.0281,N,7747.6890,W,26.43
7/12/2023,18:08:59,4694,3413.0281,N,7747.6890,W,53.27
7/12/2023,18:09:00,4695,3413.0281,N,7747.6890,W,53.51
7/12/2023,18:09:01,4696,3413.0281,N,7747.6885,W,54.50
7/12/2023,18:09:02,4697,3413.0281,N,7747.6885,W,54.57
7/12/2023,18:09:03,4698,3413.0281,N,7747.6885,W,53.47
7/12/2023,18:09:04,4699,3413.0278,N,7747.6885,W,47.21
7/12/2023,18:09:05,4700,3413.0278,N,7747.6885,W,51.29
7/12/2023,18:09:06,4701,3413.0278,N,7747.6885,W,55.81
7/12/2023,18:09:07,4702,3413.0276,N,7747.6885,W,24.51
7/12/2023,18:09:08,4703,3413.0276,N,7747.6885,W,51.33
7/12/2023,18:09:09,4704,3413.0276,N,7747.6885,W,50.44
7/12/2023,18:09:10,4705,3413.0276,N,7747.6880,W,34.15
7/12/2023,18:09:11,4706,3413.0276,N,7747.6880,W,50.04
7/12/2023,18:09:12,4707,3413.0276,N,7747.6880,W,25.81
7/12/2023,18:09:13,4708,3413.0276,N,7747.6880,W,51.74
7/12/2023,18:09:14,4709,3413.0276,N,7747.6880,W,53.25
7/12/2023,18:09:15,4710,3413.0276,N,7747.6875,W,34.79
7/12/2023,18:09:16,4711,3413.0276,N,7747.6875,W,34.22
7/12/2023,18:09:17,4712,3413.0276,N,7747.6875,W,59.02
7/12/2023,18:09:18,4713,3413.0276,N,7747.6875,W,55.24
7/12/2023,18:09:19,4714,3413.0276,N,7747.6875,W,53.27
7/12/2023,18:09:20,4715,3413.0276,N,7747.6875,W,54.93
7/12/2023,18:09:21,4716,3413.0276,N,7747.6875,W,54.50
7/12/2023,18:09:22,4717,3413.0276,N,7747.6875,W,54.74
7/12/2023,18:09:23,4718,3413.0276,N,7747.6875,W,57.80
7/12/2023,18:09:24,4719,3413.0273,N,7747.6875,W,53.46
7/12/2023,18:09:25,4720,3413.0273,N,7747.6875,W,51.98
7/12/2023,18:09:26,4721,3413.0273,N,7747.6870,W,52.80
7/12/2023,18:09:27,4722,3413.0273,N,7747.6870,W,52.82
7/12/2023,18:09:28,4723,3413.0271,N,7747.6870,W,52.60
7/12/2023,18:09:29,4724,3413.0271,N,7747.6870,W,50.02
7/12/2023,18:09:30,4725,3413.0271,N,7747.6865,W,50.23
7/12/2023,18:09:31,4726,3413.0271,N,7747.6865,W,49.39
7/12/2023,18:09:32,4727,3413.0271,N,7747.6865,W,52.79
7/12/2023,18:09:33,4728,3413.0269,N,7747.6865,W,50.64
7/12/2023,18:09:34,4729,3413.0266,N,7747.6860,W,47.69
7/12/2023,18:09:35,4730,3413.0266,N,7747.6860,W,50.90
7/12/2023,18:09:36,4731,3413.0264,N,7747.6860,W,48.50
7/12/2023,18:09:37,4732,3413.0261,N,7747.6855,W,49.60
7/12/2023,18:09:38,4733,3413.0259,N,7747.6855,W,26.84
7/12/2023,18:09:39,4734,3413.0259,N,7747.6851,W,51.74
7/12/2023,18:09:40,4735,3413.0256,N,7747.6851,W,56.89
7/12/2023,18:09:41,4736,3413.0254,N,7747.6846,W,253.14
7/12/2023,18:09:42,4737,3413.0254,N,7747.6846,W,52.41
7/12/2023,18:09:43,4738,3413.0251,N,7747.6841,W,52.17
7/12/2023,18:09:44,4739,3413.0251,N,7747.6841,W,349.48
7/12/2023,18:09:45,4740,3413.0249,N,7747.6836,W,54.30
7/12/2023,18:09:46,4741,3413.0249,N,7747.6831,W,26.00
7/12/2023,18:09:47,4742,3413.0249,N,7747.6831,W,60.54
7/12/2023,18:09:48,4743,3413.0249,N,7747.6826,W,52.17
7/12/2023,18:09:49,4744,3413.0249,N,7747.6826,W,688.76
7/12/2023,18:09:50,4745,3413.0247,N,7747.6821,W,48.51
7/12/2023,18:09:51,4746,3413.0247,N,7747.6821,W,50.42
7/12/2023,18:09:52,4747,3413.0247,N,7747.6816,W,48.94
7/12/2023,18:09:53,4748,3413.0247,N,7747.6816,W,48.77
7/12/2023,18:09:54,4749,3413.0247,N,7747.6816,W,57.52
7/12/2023,18:09:55,4750,3413.0247,N,7747.6816,W,49.36
7/12/2023,18:09:56,4751,3413.0247,N,7747.6816,W,50.25
7/12/2023,18:09:57,4752,3413.0244,N,7747.6812,W,49.85
7/12/2023,18:09:58,4753,3413.0244,N,7747.6812,W,49.58
7/12/2023,18:09:59,4754,3413.0244,N,7747.6807,W,53.46
7/12/2023,18:10:00,4755,3413.0242,N,7747.6807,W,48.31
7/12/2023,18:10:01,4756,3413.0242,N,7747.6802,W,47.84
7/12/2023,18:10:02,4757,3413.0242,N,7747.6802,W,47.43
7/12/2023,18:10:03,4758,3413.0242,N,7747.6802,W,46.15
7/12/2023,18:10:04,4759,3413.0242,N,7747.6802,W,46.82
7/12/2023,18:10:05,4760,3413.0239,N,7747.6797,W,47.86
7/12/2023,18:10:06,4761,3413.0239,N,7747.6797,W,49.37
7/12/2023,18:10:07,4762,3413.0237,N,7747.6797,W,44.89
7/12/2023,18:10:08,4763,3413.0234,N,7747.6797,W,46.15
7/12/2023,18:10:09,4764,3413.0232,N,7747.6792,W,44.45
7/12/2023,18:10:10,4765,3413.0232,N,7747.6792,W,46.35
7/12/2023,18:10:11,4766,3413.0232,N,7747.6792,W,24.49
7/12/2023,18:10:12,4767,3413.0229,N,7747.6792,W,47.93
7/12/2023,18:10:13,4768,3413.0227,N,7747.6787,W,24.93
7/12/2023,18:10:14,4769,3413.0227,N,7747.6787,W,25.76
7/12/2023,18:10:15,4770,3413.0225,N,7747.6782,W,52.17
7/12/2023,18:10:16,4771,3413.0222,N,7747.6782,W,52.84
7/12/2023,18:10:17,4772,3413.0222,N,7747.6777,W,52.79
7/12/2023,18:10:18,4773,3413.0222,N,7747.6777,W,51.50
7/12/2023,18:10:19,4774,3413.0220,N,7747.6772,W,51.93
7/12/2023,18:10:20,4775,3413.0222,N,7747.6768,W,53.27
7/12/2023,18:10:21,4776,3413.0222,N,7747.6763,W,53.03
7/12/2023,18:10:22,4777,3413.0222,N,7747.6763,W,59.46
7/12/2023,18:10:23,4778,3413.0225,N,7747.6758,W,55.16
7/12/2023,18:10:24,4779,3413.0222,N,7747.6758,W,337.02
7/12/2023,18:10:25,4780,3413.0222,N,7747.6758,W,57.51
7/12/2023,18:10:26,4781,3413.0220,N,7747.6753,W,61.21
7/12/2023,18:10:27,4782,3413.0217,N,7747.6753,W,61.38
7/12/2023,18:10:28,4783,3413.0217,N,7747.6748,W,61.16
7/12/2023,18:10:29,4784,3413.0217,N,7747.6748,W,69.54
7/12/2023,18:10:30,4785,3413.0217,N,7747.6748,W,63.10
7/12/2023,18:10:31,4786,3413.0217,N,7747.6743,W,62.69
7/12/2023,18:10:32,4787,3413.0215,N,7747.6738,W,62.47
7/12/2023,18:10:33,4788,3413.0215,N,7747.6738,W,61.18
7/12/2023,18:10:34,4789,3413.0212,N,7747.6733,W,63.55
7/12/2023,18:10:35,4790,3413.0212,N,7747.6733,W,61.61
7/12/2023,18:10:36,4791,3413.0210,N,7747.6733,W,69.31
7/12/2023,18:10:37,4792,3413.0210,N,7747.6733,W,547.68
7/12/2023,18:10:38,4793,3413.0208,N,7747.6729,W,416.38
7/12/2023,18:10:39,4794,3413.0205,N,7747.6724,W,224.88
7/12/2023,18:10:40,4795,3413.0205,N,7747.6724,W,61.64
7/12/2023,18:10:41,4796,3413.0203,N,7747.6719,W,62.45
7/12/2023,18:10:42,4797,3413.0200,N,7747.6714,W,62.47
7/12/2023,18:10:43,4798,3413.0198,N,7747.6714,W,65.09
7/12/2023,18:10:44,4799,3413.0195,N,7747.6709,W,67.19
7/12/2023,18:10:45,4800,3413.0193,N,7747.6709,W,26.84
7/12/2023,18:10:46,4801,3413.0193,N,7747.6704,W,74.27
7/12/2023,18:10:47,4802,3413.0190,N,7747.6704,W,183.50
7/12/2023,18:10:48,4803,3413.0188,N,7747.6699,W,468.92
7/12/2023,18:10:49,4804,3413.0183,N,7747.6694,W,71.48
7/12/2023,18:10:50,4805,3413.0183,N,7747.6694,W,52.15
7/12/2023,18:10:51,4806,3413.0183,N,7747.6689,W,202.57
7/12/2023,18:10:52,4807,3413.0183,N,7747.6685,W,68.94
7/12/2023,18:10:53,4808,3413.0181,N,7747.6680,W,688.76
7/12/2023,18:10:54,4809,3413.0178,N,7747.6680,W,403.73
7/12/2023,18:10:55,4810,3413.0176,N,7747.6680,W,71.94
7/12/2023,18:10:56,4811,3413.0176,N,7747.6675,W,68.90
7/12/2023,18:10:57,4812,3413.0173,N,7747.6675,W,68.46
7/12/2023,18:10:58,4813,3413.0173,N,7747.6675,W,68.90
7/12/2023,18:10:59,4814,3413.0171,N,7747.6670,W,68.23
7/12/2023,18:11:00,4815,3413.0171,N,7747.6670,W,68.27
7/12/2023,18:11:01,4816,3413.0171,N,7747.6670,W,70.17
7/12/2023,18:11:02,4817,3413.0168,N,7747.6665,W,68.51
7/12/2023,18:11:03,4818,3413.0168,N,7747.6665,W,68.49
7/12/2023,18:11:04,4819,3413.0166,N,7747.6660,W,68.01
7/12/2023,18:11:05,4820,3413.0166,N,7747.6660,W,70.17
7/12/2023,18:11:06,4821,3413.0164,N,7747.6660,W,69.52
7/12/2023,18:11:07,4822,3413.0161,N,7747.6655,W,54.80
7/12/2023,18:11:08,4823,3413.0161,N,7747.6655,W,71.46
7/12/2023,18:11:09,4824,3413.0161,N,7747.6650,W,72.75
7/12/2023,18:11:10,4825,3413.0159,N,7747.6650,W,72.09
7/12/2023,18:11:11,4826,3413.0159,N,7747.6650,W,83.95
7/12/2023,18:11:12,4827,3413.0156,N,7747.6646,W,50.68
7/12/2023,18:11:13,4828,3413.0154,N,7747.6646,W,74.24
7/12/2023,18:11:14,4829,3413.0154,N,7747.6646,W,27.72
7/12/2023,18:11:15,4830,3413.0151,N,7747.6646,W,25.78
7/12/2023,18:11:16,4831,3413.0149,N,7747.6646,W,25.35
7/12/2023,18:11:17,4832,3413.0146,N,7747.6641,W,24.93
7/12/2023,18:11:18,4833,3413.0144,N,7747.6641,W,31.15
7/12/2023,18:11:19,4834,3413.0144,N,7747.6641,W,34.77
7/12/2023,18:11:20,4835,3413.0144,N,7747.6641,W,33.31
7/12/2023,18:11:21,4836,3413.0142,N,7747.6641,W,23.84
7/12/2023,18:11:22,4837,3413.0142,N,7747.6641,W,78.55
7/12/2023,18:11:23,4838,3413.0139,N,7747.6636,W,83.69
7/12/2023,18:11:24,4839,3413.0139,N,7747.6631,W,33.09
7/12/2023,18:11:25,4840,3413.0137,N,7747.6631,W,73.66
7/12/2023,18:11:26,4841,3413.0137,N,7747.6631,W,75.34
7/12/2023,18:11:27,4842,3413.0137,N,7747.6631,W,32.62
7/12/2023,18:11:28,4843,3413.0134,N,7747.6631,W,76.44
7/12/2023,18:11:29,4844,3413.0134,N,7747.6631,W,78.55
7/12/2023,18:11:30,4845,3413.0132,N,7747.6631,W,75.13
7/12/2023,18:11:31,4846,3413.0134,N,7747.6626,W,66.55
7/12/2023,18:11:32,4847,3413.0134,N,7747.6626,W,78.77
7/12/2023,18:11:33,4848,3413.0134,N,7747.6626,W,507.36
7/12/2023,18:11:34,4849,3413.0132,N,7747.6621,W,75.30
7/12/2023,18:11:35,4850,3413.0129,N,7747.6616,W,73.81
7/12/2023,18:11:36,4851,3413.0129,N,7747.6616,W,73.38
7/12/2023,18:11:37,4852,3413.0129,N,7747.6616,W,72.52
7/12/2023,18:11:38,4853,3413.0129,N,7747.6616,W,72.33
7/12/2023,18:11:39,4854,3413.0132,N,7747.6616,W,72.52
7/12/2023,18:11:40,4855,3413.0132,N,7747.6616,W,78.99
7/12/2023,18:11:41,4856,3413.0134,N,7747.6611,W,71.05
7/12/2023,18:11:42,4857,3413.0134,N,7747.6611,W,73.41
7/12/2023,18:11:43,4858,3413.0134,N,7747.6611,W,72.95
7/12/2023,18:11:44,4859,3413.0132,N,7747.6611,W,71.94
7/12/2023,18:11:45,4860,3413.0132,N,7747.6611,W,71.90
7/12/2023,18:11:46,4861,3413.0129,N,7747.6606,W,70.38
7/12/2023,18:11:47,4862,3413.0129,N,7747.6606,W,70.17
7/12/2023,18:11:48,4863,3413.0127,N,7747.6602,W,269.43
7/12/2023,18:11:49,4864,3413.0127,N,7747.6602,W,69.97
7/12/2023,18:11:50,4865,3413.0125,N,7747.6597,W,67.39
7/12/2023,18:11:51,4866,3413.0122,N,7747.6597,W,64.18
7/12/2023,18:11:52,4867,3413.0120,N,7747.6597,W,24.30
7/12/2023,18:11:53,4868,3413.0117,N,7747.6592,W,66.55
7/12/2023,18:11:54,4869,3413.0115,N,7747.6592,W,63.51
7/12/2023,18:11:55,4870,3413.0112,N,7747.6592,W,58.21
7/12/2023,18:11:56,4871,3413.0110,N,7747.6587,W,675.53
7/12/2023,18:11:57,4872,3413.0107,N,7747.6587,W,58.64
7/12/2023,18:11:58,4873,3413.0105,N,7747.6587,W,25.55
7/12/2023,18:11:59,4874,3413.0103,N,7747.6582,W,58.45
7/12/2023,18:12:00,4875,3413.0103,N,7747.6577,W,59.24
7/12/2023,18:12:01,4876,3413.0100,N,7747.6572,W,56.24
7/12/2023,18:12:02,4877,3413.0100,N,7747.6572,W,56.24
7/12/2023,18:12:03,4878,3413.0103,N,7747.6567,W,58.60
7/12/2023,18:12:04,4879,3413.0103,N,7747.6562,W,56.01
7/12/2023,18:12:05,4880,3413.0103,N,7747.6558,W,24.28
7/12/2023,18:12:06,4881,3413.0100,N,7747.6558,W,23.84
7/12/2023,18:12:07,4882,3413.0100,N,7747.6558,W,56.24
7/12/2023,18:12:08,4883,3413.0098,N,7747.6553,W,301.69
7/12/2023,18:12:09,4884,3413.0095,N,7747.6553,W,263.13
7/12/2023,18:12:10,4885,3413.0093,N,7747.6548,W,53.30
7/12/2023,18:12:11,4886,3413.0095,N,7747.6548,W,55.60
7/12/2023,18:12:12,4887,3413.0093,N,7747.6548,W,56.49
7/12/2023,18:12:13,4888,3413.0093,N,7747.6543,W,54.55
7/12/2023,18:12:14,4889,3413.0093,N,7747.6543,W,56.06
7/12/2023,18:12:15,4890,3413.0093,N,7747.6543,W,60.13
7/12/2023,18:12:16,4891,3413.0093,N,7747.6543,W,58.60
7/12/2023,18:12:17,4892,3413.0093,N,7747.6538,W,61.37
7/12/2023,18:12:18,4893,3413.0093,N,7747.6538,W,62.04
7/12/2023,18:12:19,4894,3413.0093,N,7747.6538,W,63.56
7/12/2023,18:12:20,4895,3413.0090,N,7747.6538,W,63.39
7/12/2023,18:12:21,4896,3413.0090,N,7747.6533,W,66.74
7/12/2023,18:12:22,4897,3413.0088,N,7747.6533,W,69.52
7/12/2023,18:12:23,4898,3413.0088,N,7747.6533,W,66.33
7/12/2023,18:12:24,4899,3413.0085,N,7747.6533,W,72.35
7/12/2023,18:12:25,4900,3413.0085,N,7747.6528,W,68.28
7/12/2023,18:12:26,4901,3413.0085,N,7747.6528,W,69.09
7/12/2023,18:12:27,4902,3413.0083,N,7747.6528,W,70.81
7/12/2023,18:12:28,4903,3413.0081,N,7747.6528,W,72.39
7/12/2023,18:12:29,4904,3413.0081,N,7747.6523,W,71.72
7/12/2023,18:12:30,4905,3413.0078,N,7747.6523,W,83.25
7/12/2023,18:12:31,4906,3413.0078,N,7747.6519,W,75.77
7/12/2023,18:12:32,4907,3413.0078,N,7747.6519,W,76.61
7/12/2023,18:12:33,4908,3413.0076,N,7747.6519,W,79.01
7/12/2023,18:12:34,4909,3413.0073,N,7747.6519,W,82.03
7/12/2023,18:12:35,4910,3413.0073,N,7747.6514,W,115.42
7/12/2023,18:12:36,4911,3413.0073,N,7747.6514,W,85.43
7/12/2023,18:12:37,4912,3413.0071,N,7747.6509,W,89.05
7/12/2023,18:12:38,4913,3413.0071,N,7747.6504,W,92.07
7/12/2023,18:12:39,4914,3413.0071,N,7747.6504,W,92.27
7/12/2023,18:12:40,4915,3413.0071,N,7747.6499,W,95.50
7/12/2023,18:12:41,4916,3413.0068,N,7747.6499,W,93.58
7/12/2023,18:12:42,4917,3413.0066,N,7747.6494,W,92.29
7/12/2023,18:12:43,4918,3413.0066,N,7747.6494,W,42.92
7/12/2023,18:12:44,4919,3413.0066,N,7747.6489,W,95.48
7/12/2023,18:12:45,4920,3413.0066,N,7747.6489,W,93.34
7/12/2023,18:12:46,4921,3413.0063,N,7747.6489,W,95.55
7/12/2023,18:12:47,4922,3413.0063,N,7747.6484,W,93.84
7/12/2023,18:12:48,4923,3413.0061,N,7747.6484,W,92.93
7/12/2023,18:12:49,4924,3413.0061,N,7747.6479,W,26.19
7/12/2023,18:12:50,4925,3413.0061,N,7747.6479,W,92.93
7/12/2023,18:12:51,4926,3413.0059,N,7747.6475,W,95.48
7/12/2023,18:12:52,4927,3413.0056,N,7747.6475,W,95.54
7/12/2023,18:12:53,4928,3413.0056,N,7747.6470,W,95.05
7/12/2023,18:12:54,4929,3413.0054,N,7747.6470,W,99.19
7/12/2023,18:12:55,4930,3413.0054,N,7747.6465,W,95.91
7/12/2023,18:12:56,4931,3413.0051,N,7747.6465,W,98.30
7/12/2023,18:12:57,4932,3413.0049,N,7747.6465,W,493.62
7/12/2023,18:12:58,4933,3413.0046,N,7747.6465,W,95.35
7/12/2023,18:12:59,4934,3413.0044,N,7747.6460,W,96.79
7/12/2023,18:13:00,4935,3413.0044,N,7747.6460,W,102.42
7/12/2023,18:13:01,4936,3413.0042,N,7747.6455,W,98.11
7/12/2023,18:13:02,4937,3413.0042,N,7747.6455,W,100.25
7/12/2023,18:13:03,4938,3413.0039,N,7747.6455,W,101.92
7/12/2023,18:13:04,4939,3413.0039,N,7747.6450,W,104.75
7/12/2023,18:13:05,4940,3413.0037,N,7747.6445,W,106.42
7/12/2023,18:13:06,4941,3413.0034,N,7747.6445,W,108.63
7/12/2023,18:13:07,4942,3413.0034,N,7747.6445,W,110.28
7/12/2023,18:13:08,4943,3413.0032,N,7747.6440,W,117.35
7/12/2023,18:13:09,4944,3413.0029,N,7747.6436,W,688.09
7/12/2023,18:13:10,4945,3413.0027,N,7747.6436,W,83.68
7/12/2023,18:13:11,4946,3413.0027,N,7747.6431,W,111.99
7/12/2023,18:13:12,4947,3413.0027,N,7747.6431,W,112.20
7/12/2023,18:13:13,4948,3413.0024,N,7747.6426,W,133.94
7/12/2023,18:13:14,4949,3413.0024,N,7747.6426,W,110.31
7/12/2023,18:13:15,4950,3413.0024,N,7747.6421,W,113.95
7/12/2023,18:13:16,4951,3413.0022,N,7747.6421,W,179.59
7/12/2023,18:13:17,4952,3413.0022,N,7747.6421,W,134.75
7/12/2023,18:13:18,4953,3413.0020,N,7747.6421,W,57.58
7/12/2023,18:13:19,4954,3413.0017,N,7747.6416,W,110.76
7/12/2023,18:13:20,4955,3413.0017,N,7747.6416,W,113.28
7/12/2023,18:13:21,4956,3413.0015,N,7747.6416,W,112.22
7/12/2023,18:13:22,4957,3413.0015,N,7747.6411,W,114.57
7/12/2023,18:13:23,4958,3413.0012,N,7747.6411,W,112.63
7/12/2023,18:13:24,4959,3413.0012,N,7747.6406,W,112.49
7/12/2023,18:13:25,4960,3413.0012,N,7747.6406,W,110.50
7/12/2023,18:13:26,4961,3413.0010,N,7747.6401,W,119.29
7/12/2023,18:13:27,4962,3413.0007,N,7747.6401,W,112.23
7/12/2023,18:13:28,4963,3413.0007,N,7747.6401,W,222.06
7/12/2023,18:13:29,4964,3413.0002,N,7747.6401,W,62.90
7/12/2023,18:13:30,4965,3413.0005,N,7747.6401,W,473.45
7/12/2023,18:13:31,4966,3413.0002,N,7747.6401,W,111.99
7/12/2023,18:13:32,4967,3413.0000,N,7747.6396,W,123.39
7/12/2023,18:13:33,4968,3412.9998,N,7747.6396,W,84.55
7/12/2023,18:13:34,4969,3412.9993,N,7747.6396,W,129.62
7/12/2023,18:13:35,4970,3412.9990,N,7747.6396,W,30.70
7/12/2023,18:13:36,4971,3412.9988,N,7747.6396,W,24.09
7/12/2023,18:13:37,4972,3412.9990,N,7747.6396,W,56.46
7/12/2023,18:13:38,4973,3412.9993,N,7747.6401,W,688.09
7/12/2023,18:13:39,4974,3412.9993,N,7747.6401,W,75.34
7/12/2023,18:13:40,4975,3412.9990,N,7747.6401,W,113.28
7/12/2023,18:13:41,4976,3412.9993,N,7747.6396,W,114.19
7/12/2023,18:13:42,4977,3412.9995,N,7747.6396,W,162.41
7/12/2023,18:13:43,4978,3412.9995,N,7747.6401,W,185.39
7/12/2023,18:13:44,4979,3412.9995,N,7747.6396,W,220.98
7/12/2023,18:13:45,4980,3412.9995,N,7747.6396,W,266.01
7/12/2023,18:13:46,4981,3412.9995,N,7747.6396,W,307.42
7/12/2023,18:13:47,4982,3412.9995,N,7747.6392,W,688.09
7/12/2023,18:13:48,4983,3412.9995,N,7747.6392,W,26.41
7/12/2023,18:13:49,4984,3412.9995,N,7747.6392,W,688.09
7/12/2023,18:13:50,4985,3412.9995,N,7747.6392,W,688.76
7/12/2023,18:13:51,4986,3412.9995,N,7747.6392,W,29.86
7/12/2023,18:13:52,4987,3412.9995,N,7747.6392,W,688.76
7/12/2023,18:13:53,4988,3412.9993,N,7747.6396,W,28.64
7/12/2023,18:13:54,4989,3412.9993,N,7747.6396,W,77.24
7/12/2023,18:13:55,4990,3412.9990,N,7747.6396,W,66.52
7/12/2023,18:13:56,4991,3412.9990,N,7747.6396,W,68.23
7/12/2023,18:13:57,4992,3412.9990,N,7747.6396,W,60.32
7/12/2023,18:13:58,4993,3412.9988,N,7747.6396,W,23.84
7/12/2023,18:13:59,4994,3412.9988,N,7747.6392,W,60.96
7/12/2023,18:14:00,4995,3412.9985,N,7747.6382,W,64.20
7/12/2023,18:14:01,4996,3412.9980,N,7747.6372,W,66.52
7/12/2023,18:14:02,4997,3412.9976,N,7747.6362,W,64.61
7/12/2023,18:14:03,4998,3412.9973,N,7747.6357,W,63.32
7/12/2023,18:14:04,4999,3412.9968,N,7747.6348,W,61.80
7/12/2023,18:14:05,5000,3412.9966,N,7747.6338,W,61.57
7/12/2023,18:14:06,5001,3412.9961,N,7747.6323,W,64.80
7/12/2023,18:14:07,5002,3412.9961,N,7747.6318,W,23.84
7/12/2023,18:14:08,5003,3412.9958,N,7747.6309,W,54.07
7/12/2023,18:14:09,5004,3412.9956,N,7747.6304,W,62.65
7/12/2023,18:14:10,5005,3412.9954,N,7747.6294,W,68.04
7/12/2023,18:14:11,5006,3412.9951,N,7747.6289,W,64.06
7/12/2023,18:14:12,5007,3412.9946,N,7747.6289,W,64.65
7/12/2023,18:14:13,5008,3412.9941,N,7747.6279,W,61.16
7/12/2023,18:14:14,5009,3412.9939,N,7747.6270,W,24.28
7/12/2023,18:14:15,5010,3412.9937,N,7747.6265,W,66.10
7/12/2023,18:14:16,5011,3412.9932,N,7747.6260,W,66.58
7/12/2023,18:14:17,5012,3412.9927,N,7747.6250,W,67.39
7/12/2023,18:14:18,5013,3412.9927,N,7747.6245,W,62.04
7/12/2023,18:14:19,5014,3412.9922,N,7747.6240,W,62.90
7/12/2023,18:14:20,5015,3412.9919,N,7747.6230,W,92.09
7/12/2023,18:14:21,5016,3412.9915,N,7747.6226,W,65.88
7/12/2023,18:14:22,5017,3412.9912,N,7747.6216,W,68.25
7/12/2023,18:14:23,5018,3412.9910,N,7747.6211,W,64.18
7/12/2023,18:14:24,5019,3412.9905,N,7747.6201,W,23.84
7/12/2023,18:14:25,5020,3412.9902,N,7747.6196,W,63.31
7/12/2023,18:14:26,5021,3412.9900,N,7747.6187,W,65.88
7/12/2023,18:14:27,5022,3412.9895,N,7747.6182,W,66.12
7/12/2023,18:14:28,5023,3412.9893,N,7747.6172,W,68.47
7/12/2023,18:14:29,5024,3412.9888,N,7747.6167,W,68.68
7/12/2023,18:14:30,5025,3412.9885,N,7747.6157,W,68.06
7/12/2023,18:14:31,5026,3412.9880,N,7747.6152,W,65.47
7/12/2023,18:14:32,5027,3412.9878,N,7747.6143,W,60.32
7/12/2023,18:14:33,5028,3412.9873,N,7747.6138,W,63.56
7/12/2023,18:14:34,5029,3412.9868,N,7747.6128,W,66.55
7/12/2023,18:14:35,5030,3412.9866,N,7747.6123,W,67.00
7/12/2023,18:14:36,5031,3412.9861,N,7747.6118,W,23.84
7/12/2023,18:14:37,5032,3412.9858,N,7747.6108,W,63.94
7/12/2023,18:14:38,5033,3412.9856,N,7747.6099,W,57.99
7/12/2023,18:14:39,5034,3412.9854,N,7747.6094,W,23.63
7/12/2023,18:14:40,5035,3412.9849,N,7747.6089,W,65.50
7/12/2023,18:14:41,5036,3412.9846,N,7747.6079,W,65.23
7/12/2023,18:14:42,5037,3412.9844,N,7747.6074,W,66.76
7/12/2023,18:14:43,5038,3412.9839,N,7747.6069,W,67.68
7/12/2023,18:14:44,5039,3412.9839,N,7747.6060,W,67.65
7/12/2023,18:14:45,5040,3412.9834,N,7747.6050,W,67.82
7/12/2023,18:14:46,5041,3412.9832,N,7747.6045,W,67.19
7/12/2023,18:14:47,5042,3412.9827,N,7747.6040,W,58.16
7/12/2023,18:14:48,5043,3412.9822,N,7747.6030,W,54.50
7/12/2023,18:14:49,5044,3412.9819,N,7747.6025,W,98.98
7/12/2023,18:14:50,5045,3412.9817,N,7747.6016,W,23.68
7/12/2023,18:14:51,5046,3412.9812,N,7747.6011,W,68.08
7/12/2023,18:14:52,5047,3412.9810,N,7747.6001,W,71.25
7/12/2023,18:14:53,5048,3412.9805,N,7747.5996,W,70.02
7/12/2023,18:14:54,5049,3412.9802,N,7747.5991,W,23.89
7/12/2023,18:14:55,5050,3412.9797,N,7747.5986,W,65.49
7/12/2023,18:14:56,5051,3412.9795,N,7747.5977,W,66.10
7/12/2023,18:14:57,5052,3412.9790,N,7747.5972,W,66.95
7/12/2023,18:14:58,5053,3412.9788,N,7747.5962,W,69.11
7/12/2023,18:14:59,5054,3412.9785,N,7747.5957,W,23.84
7/12/2023,18:15:00,5055,3412.9783,N,7747.5947,W,31.54
7/12/2023,18:15:01,5056,3412.9780,N,7747.5947,W,29.00
7/12/2023,18:15:02,5057,3412.9780,N,7747.5947,W,31.15
7/12/2023,18:15:03,5058,3412.9780,N,7747.5947,W,58.60
7/12/2023,18:15:04,5059,3412.9780,N,7747.5947,W,58.16
7/12/2023,18:15:05,5060,3412.9780,N,7747.5947,W,58.40
7/12/2023,18:15:06,5061,3412.9780,N,7747.5947,W,30.72
7/12/2023,18:15:07,5062,3412.9778,N,7747.5947,W,36.12
7/12/2023,18:15:08,5063,3412.9778,N,7747.5947,W,23.84
7/12/2023,18:15:09,5064,3412.9778,N,7747.5947,W,24.35
7/12/2023,18:15:10,5065,3412.9778,N,7747.5947,W,23.84
7/12/2023,18:15:11,5066,3412.9778,N,7747.5947,W,23.84
7/12/2023,18:15:12,5067,3412.9778,N,7747.5947,W,57.75
7/12/2023,18:15:13,5068,3412.9778,N,7747.5947,W,32.01
7/12/2023,18:15:14,5069,3412.9778,N,7747.5947,W,35.25
7/12/2023,18:15:15,5070,3412.9778,N,7747.5947,W,57.73
7/12/2023,18:15:16,5071,3412.9778,N,7747.5947,W,58.16
7/12/2023,18:15:17,5072,3412.9780,N,7747.5947,W,32.21
7/12/2023,18:15:18,5073,3412.9780,N,7747.5947,W,32.64
7/12/2023,18:15:19,5074,3412.9780,N,7747.5942,W,57.95
